users_profile_photo_id_fkey,users,profile_photo_id,photos
organizers_user_id_fkey,organizers,user_id,users
organizers_membership_plan_id_fkey,organizers,membership_plan_id,membership_plans
organizers_logo_photo_id_fkey,organizers,logo_photo_id,photos
organizers_banner_photo_id_fkey,organizers,banner_photo_id,photos
participants_user_id_fkey,participants,user_id,users
admins_user_id_fkey,admins,user_id,users
membership_transactions_organizer_id_fkey,membership_transactions,organizer_id,organizers
membership_transactions_transaction_id_fkey,membership_transactions,transaction_id,transactions
workshops_organizer_id_fkey,workshops,organizer_id,organizers
workshop_reservations_workshop_id_fkey,workshop_reservations,workshop_id,workshops
workshop_reservations_participant_id_fkey,workshop_reservations,participant_id,participants
workshop_reservations_transaction_id_fkey,workshop_reservations,transaction_id,transactions
exhibition_registrations_participant_id_fkey,exhibition_registrations,participant_id,participants
exhibition_registrations_exhibition_id_fkey,exhibition_registrations,exhibition_id,exhibitions
comments_user_id_fkey,comments,user_id,users
comments_exhibition_id_fkey,comments,exhibition_id,exhibitions
comments_photo_id_fkey,comments,photo_id,photos
exhibitions_organizer_id_fkey,exhibitions,organizer_id,organizers
products_photo_id_fkey,products,photo_id,photos
orders_participant_id_fkey,orders,participant_id,participants
orders_transaction_id_fkey,orders,transaction_id,transactions
products_orders_product_id_fkey,products_orders,product_id,products
products_orders_order_id_fkey,products_orders,order_id,orders
product_reviews_participant_id_fkey,product_reviews,participant_id,participants
product_reviews_product_id_fkey,product_reviews,product_id,products
notification_subscriptions_user_id_fkey,notification_subscriptions,user_id,users
organizer_photos_photo_id_fkey,organizer_photos,photo_id,photos
organizer_photos_organizer_fkey,organizer_photos,organizer_id,organizers
exhibition_products_product_id_fkey,exhibition_products,product_id,products
exhibition_products_exhibition_id_fkey,exhibition_products,exhibition_id,exhibitions
read_notifications_user_id_fkey,read_notifications,user_id,users
read_notifications_notification_id_fkey,read_notifications,notification_id,notifications
products_exhibition_id_fkey,products,exhibition_id,exhibitions